Kilómetros,Predicción,Precio
0 km,26846.965115971714,28408900.0
52185 km,23698.25126660095,25800000.0
50000 km,22460.5915171135,25300000.0
65000 km,21126.6276112125,22500000.0
