Kilómetros,Predicción,Precio
0 km,25537.40879282901,28408900.0
0 km,31275.3049369419,25300900.0
0 km,32486.397057371316,28100000.0
0 km,30489.597494889083,33190900.0
0 km,27922.41541798468,23459696.0
1000 km,26671.832785863266,27446900.0
5200 km,26148.363939992323,26900.0
14200 km,24980.28562252165,28600000.0
29800 km,24426.01218810423,29900.0
52185 km,23799.066838435177,25800000.0
