Kilómetros,Predicción,Precio
0 km,22145.28724288164,28408900.0
0 km,23698.25126660095,27500900.0
0 km,22460.5915171135,28000000.0
0 km,21362.19128632692,27489900.0
